<?xml version="1.0" encoding="UTF-8"?>
<beans xmlns="http://www.springframework.org/schema/beans"
	xmlns:jpa="http://www.springframework.org/schema/data/jpa"
	xmlns:xsi="http://www.w3.org/2001/XMLSchema-instance" 
	xmlns:context="http://www.springframework.org/schema/context"
	xmlns:jdbc="http://www.springframework.org/schema/jdbc" 
	xmlns:tx="http://www.springframework.org/schema/tx"
	xsi:schemaLocation="http://www.springframework.org/schema/jdbc http://www.springframework.org/schema/jdbc/spring-jdbc-3.0.xsd
		http://www.springframework.org/schema/beans http://www.springframework.org/schema/beans/spring-beans-3.0.xsd
		http://www.springframework.org/schema/tx http://www.springframework.org/schema/tx/spring-tx-3.0.xsd
		http://www.springframework.org/schema/context http://www.springframework.org/schema/context/spring-context-3.0.xsd
		http://www.springframework.org/schema/data/jpa http://www.springframework.org/schema/data/jpa/spring-jpa.xsd">

	<description>Example configuration to get you started.</description>

<!-- 	<jdbc:embedded-database id="h2db" type="H2"> -->
<!-- 	    <jdbc:script location="classpath:h2/data.sql" /> -->
<!-- 	</jdbc:embedded-database> -->
			
	<bean id="dataSource"
        class="org.springframework.jdbc.datasource.DriverManagerDataSource">
        <property name="driverClassName" value="org.h2.Driver" />
        <property name="url" value="jdbc:h2:file:./src/main/resources/h2/db" />
        <property name="username" value="sa" />
        <property name="password" value="" />
	</bean>
	
	<jdbc:initialize-database data-source="dataSource" ignore-failures="DROPS">
	    <jdbc:script location="classpath:h2/data.sql" />
	</jdbc:initialize-database>	

	<tx:annotation-driven transaction-manager="transactionManager" />

	<context:component-scan base-package="com.pratap.db" />

	<jpa:repositories base-package="com.pratap.db.repository" />

</beans>