{"properties": [
  {
    "name": "spring.phoenix.datasource.driver-class-name",
    "type": "java.lang.String",
    "description": "A description for 'spring.phoenix.datasource.driver-class-name'"
  },
  {
    "name": "spring.phoenix.datasource.url",
    "type": "java.lang.String",
    "description": "A description for 'spring.phoenix.datasource.url'"
  },
  {
    "name": "spring.phoenix.datasource.username",
    "type": "java.lang.String",
    "description": "A description for 'spring.phoenix.datasource.username'"
  },
  {
    "name": "spring.phoenix.datasource.password",
    "type": "java.lang.String",
    "description": "A description for 'spring.phoenix.datasource.password'"
  },
  {
    "name": "mail.base-url",
    "type": "java.lang.String",
    "description": "A description for 'mail.base-url'"
  },
  {
    "name": "mq.url",
    "type": "java.lang.String",
    "description": "A description for 'mq.url'"
  },
  {
    "name": "mq.topic",
    "type": "java.lang.String",
    "description": "A description for 'mq.topic'"
  },
  {
    "name": "graphql.servlet.mapping",
    "type": "java.lang.String",
    "description": "A description for 'graphql.servlet.mapping'"
  },
  {
    "name": "graphql.servlet.corsEnabled",
    "type": "java.lang.String",
    "description": "A description for 'graphql.servlet.corsEnabled'"
  },
  {
    "name": "graphql.servlet.corsEnabled",
    "type": "java.lang.String",
    "description": "A description for 'graphql.servlet.corsEnabled'"
  },
  {
    "name": "graphql.servlet.corsEnabled",
    "type": "java.lang.String",
    "description": "A description for 'graphql.servlet.corsEnabled'"
  },
  {
    "name": "graphql.servlet.corsEnabled",
    "type": "java.lang.String",
    "description": "A description for 'graphql.servlet.corsEnabled'"
  },
  {
    "name": "graphql.servlet.corsEnabled",
    "type": "java.lang.String",
    "description": "A description for 'graphql.servlet.corsEnabled'"
  }
]}