{"properties": [
  {
    "name": "spring.thymeleaf.template-loader-path",
    "type": "java.lang.String",
    "description": "A description for 'spring.thymeleaf.template-loader-path'"
  },
  {
    "name": "management.endpoints.web.exposure.include",
    "type": "java.lang.String",
    "description": "A description for 'management.endpoints.web.exposure.include'"
  },
  {
    "name": "management.endpoint.health.show-details",
    "type": "java.lang.String",
    "description": "A description for 'management.endpoint.health.show-details'"
  },
  {
    "name": "graphql.servlet.corsEnabled",
    "type": "java.lang.String",
    "description": "A description for 'graphql.servlet.corsEnabled'"
  },
  {
    "name": "graphql.servlet.corsEnabled",
    "type": "java.lang.String",
    "description": "A description for 'graphql.servlet.corsEnabled'"
  },
  {
    "name": "graphql.servlet.corsEnabled",
    "type": "java.lang.String",
    "description": "A description for 'graphql.servlet.corsEnabled'"
  },
  {
    "name": "graphql.servlet.corsEnabled",
    "type": "java.lang.String",
    "description": "A description for 'graphql.servlet.corsEnabled'"
  },
  {
    "name": "graphql.servlet.corsEnabled",
    "type": "java.lang.String",
    "description": "A description for 'graphql.servlet.corsEnabled'"
  },
  {
    "name": "graphql.servlet.corsEnabled",
    "type": "java.lang.String",
    "description": "A description for 'graphql.servlet.corsEnabled'"
  }
]}